0.99,0.05,3.200954861,0.287275369,2.138845663
1,0.04,3.38388411,0.231351698,2.290683657
0.88,0.06,3.951521273,0.358473328,1.326062056
0.95,0.05,4.005198488,0.265829649,1.723713011
0.86,0.04,4.009177636,0.159401898,1.244893649
0.84,0.07,3.844629409,0.255847143,1.201818363
1.08,0.04,3.764520919,0.285455901,3.953960847
1.03,0.07,3.756104568,0.453619902,2.659617824
0.86,0.08,4.147390634,0.545680545,1.273769637
0.74,0.08,4.089506173,0.420397246,1.084111241
0.85,0.09,4.685815116,0.505445488,1.258025632
0.92,0.05,4.058159722,0.363521037,1.513016457
0.69,0.09,3.41553288,0.302539683,1.115472361
1.01,0.05,3.82231405,0.340749053,2.419878769
0.92,0.05,4.190315179,0.383292097,1.513016457
1.02,0.09,4.110329908,0.376628668,2.433730979
0.72,0.03,4.160951075,0.159445848,1.024020302
0.96,0.05,3.706095041,0.176371169,1.811282635
1.08,0.1,3.744834711,0.267699659,3.326256133
1.15,0.03,2.180989583,0.141534249,5.848222273
0.56,0.05,3.822714681,0.351052694,1.329880858
0.9,0.06,3.610230874,0.315183075,1.414553137
0.8,0.05,4.042806183,0.172505617,1.089281132
0.93,0.04,3.432098765,0.286750672,1.565126047
0.66,0.05,3.745267712,0.247468081,1.113875115
0.79,0.03,3.656509695,0.125978033,1.047675857
0.87,0.05,3.695205893,0.225891511,1.281747466
1.02,0.04,4.30449827,0.261950957,2.617438604
0.95,0.05,4.625,0.307792671,1.723713011
0.91,0.05,3.576278859,0.291372005,1.457053381
0.87,0.04,3.487911217,0.216419107,1.279100633
1,0.03,3.709829868,0.299908208,2.305954634
0.82,0.03,4.067665289,0.148503516,1.121124677
0.88,0.04,3.674385633,0.238598597,1.315534327
1.03,0.04,3.41796875,0.185818142,2.804543136
0.74,0.05,4.25170068,0.264412499,1.03739079
0.88,0.05,3.926271935,0.36580735,1.31976829
0.88,0.05,4.272579773,0.190257429,1.31976829
0.85,0.04,3.907517577,0.218721442,1.212399209
0.91,0.03,3.787400581,0.132076485,1.435298752
0.78,0.03,3.774775912,0.141793812,1.031408496
0.9,0.11,2.634458379,0.419440741,1.468953343
0.76,0.03,3.695205893,0.225891511,1.012284706
0.78,0.04,3.938896604,0.250156373,1.044677992
0.72,0.04,4.504286922,0.306260911,1.033543314
0.72,0.02,3.989395278,0.234731881,1.016274398
0.82,0.05,2.417695473,0.180131853,1.131417438
0.28,0.11,3.514068349,0.29693178,4.217998688
0.69,0.06,3.106508876,0.487819409,1.079807496
0.61,0.02,3.53223594,0.177542635,1.187826395
0.51,0.1,2.288928492,0.388601487,1.582842063
1.06,0.03,3.648529226,0.120548728,3.537216911
0.93,0.04,4.166163507,0.213811558,1.565126047
1,0.03,3.938533058,0.331105449,2.305954634
0.91,0.06,2.628555013,0.206949103,1.465548037
0.58,0.08,5.29651426,0.655078578,1.295996749
0.79,0.06,2.79198117,0.227653792,1.086866158
0.69,0.03,3.08033241,0.128385291,1.065797054
0.79,0.03,1.837089582,0.585870194,1.047675857
0.59,0.03,3.91,0.223743067,1.227866803
1.18,0.04,3.337230311,0.281442728,6.663543623
1.13,0.04,3.275176002,0.202322213,5.262225479
1.16,0.07,3.517877739,0.302808681,5.790047128
0.82,0.13,4.501028807,0.3813073,1.26605987
0.79,0.1,4.593826426,0.410308426,1.155845973
0.53,0.07,3.140943878,0.436752536,1.465072596
0.93,0.07,2.837213686,0.526323356,1.591305899
0.61,0.06,2.950325196,0.35669617,1.205386148
0.82,0.05,4.03380102,0.209037632,1.131417438
0.58,0.03,4.428257602,0.177935441,1.250433272
0.81,0.02,2.273872512,0.252335623,1.086795781
0.57,0.11,4.465782655,0.429761384,1.358833649
0.52,0.04,3.583676269,0.325254915,1.492490306
0.69,0.05,3.81768036,0.196989838,1.07265428
-0.08,0.11,3.078345885,0.276742189,21.44230769
0.01,0.04,2.02637785,0.218338122,13.26701802
0.18,0.02,2.073711,0.1312866,6.907767423
0.46,0.03,2.9312,0.33326058,1.896090627
-0.17,0.09,0.951248514,0.260992178,40.84895285
-0.04,0.06,1.826344251,0.205760097,18.37467427
0.1,0.03,1.823226318,0.115372124,9.725104297
-0.02,0.09,1.108591585,1.05624009,15.82082965
0.47,0.06,4.861111111,0.229703108,1.809885553
0.94,0.05,3.107125203,0.369381249,1.645428634
0.35,0.06,2.611058601,0.190992588,3.360659765
0.69,0.04,2.237732431,0.24789772,1.068093556
0.81,0.04,3.722973754,0.21962003,1.100006235
0.07,0.05,3.562371694,0.248698892,10.59415803
0.82,0.04,4.003170828,0.150358257,1.12483568
0.89,0.03,3.130917813,0.283571624,1.348338116
0.88,0.05,3.494943486,0.146361767,1.31976829
0.73,0.03,3.599048186,0.136174186,1.015416716
0.94,0.07,3.472222222,0.269315813,1.659032115
0.43,0.03,3.237044564,0.203480411,2.168223577
0.89,0.04,3.706095041,0.176371169,1.35501089
0.68,0.04,4.015684154,0.164324624,1.082719434
0.76,0.06,3.9375,0.294298026,1.057882197
0.72,0.07,3.745100885,0.261123869,1.070506792
0.8,0.07,3.848140496,0.442627421,1.116796826
0.69,0.07,3.926271935,0.258843052,1.089490913
0.71,0.04,4.012345679,0.248342156,1.04299074
0.81,0.06,3.913647267,0.383083922,1.120292496
0.76,0.03,4.076086957,0.234515988,1.012284706
0.78,0.02,3.656361474,0.413437081,1.020581967
0.8,0.08,3.837001785,0.431132078,1.132984363
0.97,0.09,4.081632653,0.458838787,1.897325881
0.92,0.04,3.889273356,0.276768761,1.5024995
1.09,0.08,3.12465374,0.452147129,3.733283481
0.21,0.02,1.406236353,0.117673126,6.430466843
0.79,0.04,4.155124654,0.241314143,1.059577864
0.77,0.05,3.401627291,0.206760762,1.048865788
0.82,0.07,4.444444444,0.30063693,1.153778606
0.92,0.03,3.276522658,0.300558072,1.489983208
0.86,0.09,3.873280148,0.465810308,1.288134354
0.99,0.04,3.344671202,0.116501164,2.149922322
0.54,0.12,4.010770975,0.27539868,1.472361541
0.8,0.08,3.610059492,0.295677145,1.132984363
0.87,0.07,2.18231824,0.489462378,1.296422546
0.88,0.03,3.725723345,0.242573781,1.312638018
0.7,0.03,3.449905482,0.214683889,1.049880575
0.75,0.05,2.616494083,0.171348692,1.038072581
0.67,0.03,3.518518519,0.215411561,1.099807619
0.62,0.04,4.049556213,0.234770457,1.177956052
0.49,0.07,4.459635417,0.381452094,1.675480735
0.76,0.02,2.160395408,0.110943139,1.001421589
1.01,0.07,3.564961521,0.329034287,2.363694903
0.91,0.03,3.19508722,0.241602984,1.435298752
0.99,0.07,2.535582996,0.34736569,2.114133734
0.63,0.11,2.934428209,0.538400197,1.218863433
0.84,0.09,3.012759924,0.410849793,1.230993251
1,0.06,2.607933377,0.375109027,2.253345585
0.78,0.09,2.644608139,0.477416262,1.125356421
0.74,0.1,2.366780045,0.459927396,1.119625139
1,0.09,2.659708779,0.462259145,2.192626348
0.8,0.13,2.90625,0.426754192,1.233071208
0.89,0.08,2.906976744,0.372988486,1.387030098
1.02,0.08,2.710495963,0.470548637,2.468879048
0.88,0.11,2.349206349,0.522752634,1.388526166
0.87,0.09,3.080419139,0.392186149,1.32150869
0.83,0.11,2.636996373,0.423059582,1.244069392
0.86,0.08,2.893860947,0.406150555,1.273769637
0.66,0.11,2.54501385,0.57803931,1.175841003
0.5,0.08,3.108476206,0.224601597,1.621864898
0.53,0.06,2.821180556,0.239960477,1.45683132
0.75,0.05,2.432098765,0.23698702,1.038072581
0.57,0.04,2.756076389,0.244565993,1.287700893
0.57,0.05,2.575432395,0.180785128,1.297993307
0.82,0.07,3.006883227,0.29419895,1.153778606
0.71,0.04,2.209799983,0.222137091,1.04299074
0.63,0.05,2.582644628,0.226239674,1.162615519
0.41,0.02,2.540170132,0.145365469,2.39401367
0.61,0.07,4.425079221,0.330503665,1.212190441
0.55,0.02,2.602721628,0.168696328,1.334271989
0.64,0.04,2.693526483,0.219095409,1.145404778
0.8,0.04,3.123309897,0.217780756,1.078118524
0.62,0.07,2.800898401,0.324973895,1.191276596
0.76,0.05,3.61065522,0.239942972,1.041860645
0.59,0.04,2.78200692,0.2007967,1.235877824
0.47,0.03,1.925925926,0.121635398,1.818824794
0.55,0.03,2.678286747,0.222677336,1.345100751
0.7,0.03,2.717063157,0.254763547,1.049880575
0.64,0.03,2.693761815,0.150501686,1.147526336
0.87,0.07,3.322664228,0.306690918,1.296422546
0.47,0.06,4.491374182,0.323454737,1.809885553
0.21,0.12,4.51,0.35006308,5.61143731
0.62,0.08,3.440475068,0.302230767,1.199650002
0.7,0.06,3.359375,0.219802504,1.070318849
0.38,0.07,3.7,0.407450611,2.78609001
0.7,0.04,2.98816568,0.276956906,1.054677431
0.75,0.07,3.192743764,0.439590862,1.069903182
0.69,0.04,3.53822314,0.2233337,1.068093556
0.93,0.04,3.156462585,0.217640176,1.565126047
0.6,0.06,4.401384083,0.232008654,1.227554204
0.67,0.04,4.099984758,0.182972497,1.098074026
0.58,0.06,4.161712247,0.275474522,1.27829513
0.58,0.05,4.367225527,0.180098443,1.269475219
0.57,0.05,4.535990482,0.222753618,1.297993307
0.54,0.06,4.185185185,0.262474027,1.414017761
0.81,0.05,4.308390023,0.210872744,1.108934956
0.67,0.05,3.851851852,0.243270797,1.099145265
0.68,0.06,4.287190083,0.21682447,1.090904067
0.64,0.05,4.334626413,0.202788143,1.145592052
0.8,0.05,3.792385485,0.246952699,1.089281132
0.81,0.14,3.542185831,0.612360079,1.271507833
0.72,0.07,3.784013605,0.230888733,1.070506792
1.06,0.07,2.529163807,0.350382035,3.197411032
0.77,0.05,3.299080584,0.213695772,1.048865788
0.77,0.09,4.148500462,0.336685603,1.11615288
0.47,0.05,4.035148572,0.430332925,1.810740687
0.56,0.06,3.869047619,0.326271668,1.339626988
0.33,0.13,3.962962963,0.538581731,3.175844783
0.36,0.06,3.700769579,0.343207417,3.16881185
0.06,0.05,4.010770975,0.285778289,11.00263798
0.21,0.04,3.231915162,0.228774617,6.452247427
0.52,0.06,3.426486294,0.322850548,1.503748742
0.38,0.06,2.750646366,0.195401489,2.822349793
0.13,0.02,4.065743945,0.191311115,7.942890107
0.22,0.05,3.156167151,0.198511297,6.253518268
0.15,0.04,3.428819444,0.193301128,7.61991035
0.24,0.04,3.069252078,0.210534845,5.988875152
0.26,0.13,3.538220022,0.556760024,4.361680951
0.56,0.02,3.804994055,0.127295758,1.297818372
0.83,0.08,3.116920425,0.291107326,1.19058816
0.64,0.04,3.224068944,0.190998764,1.145404778
0.63,0.05,3.279958678,0.304467246,1.162615519
0.76,0.04,3.194041156,0.227697644,1.026356668
0.78,0.05,3.259259259,0.310797412,1.059131307
0.68,0.06,3.331163194,0.468426767,1.090904067
0.77,0.05,3.691358025,0.33157694,1.048865788
0.73,0.04,3.691184424,0.245703858,1.02679927
0.65,0.03,3.383264463,0.19276049,1.132463681
0.91,0.07,3.43,0.301253448,1.473864931
0.87,0.05,3.96039604,0.339725977,1.281747466
0.78,0.07,3.37716263,0.229876331,1.090427046
0.79,0.07,3.703703704,0.269651059,1.102308355
0.77,0.05,3.68608799,0.241290372,1.048865788
0.92,0.07,3.603497164,0.316948887,1.529780611
0.78,0.05,3.585600907,0.371622457,1.059131307
0.79,0.05,3.672876206,0.26036588,1.072632591
0.62,0.04,3.96875,0.18509031,1.177956052
0.8,0.04,2.892733564,0.194133626,1.078118524
0.6,0.04,2.662105889,0.274448115,1.214568745
0.35,0.05,4.485067489,0.166257238,3.43064331
0.41,0.21,3.812649918,0.56921843,2.177958423
0.52,0.08,1.71695493,0.405892717,1.51893867
0.72,0.06,3.86659808,0.526327538,1.056946755
0.04,0.02,2.342689,0.127333815,10.91429293
0.62,0.08,3.352988785,0.516599839,1.199650002
0.56,0.05,3.095463138,0.319864242,1.329880858
0.45,0.06,3.402366864,0.263337202,1.972878898
0.69,0.07,3.686200378,0.238942844,1.089490913
0.51,0.06,3.614457831,0.359396673,1.555033684
0.72,0.05,3.816927243,0.318473415,1.044588747
0.49,0.05,3.447809627,0.258552141,1.67019836
0.56,0.05,3.206665825,0.228055789,1.329880858
0.51,0.05,2.97942179,0.267551154,1.550202436
0.46,0.05,3.421852292,0.253032951,1.889754717
0.49,0.06,3.382716049,0.478602376,1.671833942
0.56,0.08,3.716069096,0.3282881,1.358160991
0.55,0.04,3.305785124,0.305762971,1.355467787
0.48,0.07,3.432525952,0.263049573,1.740184965
0.58,0.04,3.483814777,0.167685053,1.260050981
0.53,0.05,3.255208333,0.282026749,1.449016622
0.59,0.04,3.231915162,0.145646666,1.235877824
0.5,0.06,3.765625,0.288619805,1.610961011
0.39,0.06,3.497030823,0.385351722,2.668027536
0.39,0.04,3.387188209,0.234390927,2.705097405
0.56,0.05,3.827160494,0.315265016,1.329880858
0.67,0.06,3.731433402,0.244362556,1.103438275
0.52,0.02,3.869047619,0.135381046,1.49002482
0.48,0.03,3.62207938,0.279775807,1.745950114
0.49,0.03,3.800025249,0.220121955,1.6767124
0.74,0.05,3.50094518,0.327716545,1.03739079
0.82,0.04,3.304662743,0.133236586,1.12483568
0.65,0.03,3.07,0.164863095,1.132463681
0.7,0.06,2.782931354,0.248723955,1.070318849
1.25,0.13,3.029014773,0.342168141,8.100104251
0.82,0.04,1.454293629,0.437795189,1.12483568
0.91,0.02,1.07725454,0.186045513,1.420739693
0.92,0.02,3.369005153,0.195273314,1.476618568
1.19,0.05,3.922495274,0.221778511,6.996696023
1.24,0.09,2.77488727,0.348825263,8.832338185
0.48,0.09,4.036458333,0.354862917,1.74646878
1.16,0.09,3.463546831,0.472657931,5.477793797
0.38,0.04,4.700413223,0.188213502,2.878033978
1.22,0.04,2.934428209,0.273432715,8.297422779
1.13,0.04,3.530864198,0.207529486,5.262225479
0.96,0.04,2.853175104,0.189020766,1.80741422
0.89,0.03,4.558367769,0.251213344,1.348338116
0.86,0.02,4.271604938,0.155731339,1.254438788
0.98,0.03,4.202391016,0.17184101,2.028375998
0.82,0.05,3.671054221,0.261117468,1.131417438
0.95,0.03,4.130828429,0.244370757,1.710908607
0.81,0.02,4.816632231,0.141965695,1.086795781
0.74,0.02,3.14739229,0.306244757,1
0.96,0.02,3.238234069,0.106330027,1.806486234
0.89,0.02,3.185974173,0.245196236,1.34013546
1.01,0.08,4.400042512,0.263667153,2.335667636
0.79,0.03,3.83636535,0.232961222,1.047675857
1.16,0.06,4.587155963,0.387995306,5.911867239
0.99,0.1,2.804450541,0.389854475,2.072004555
1.28,0.07,2.960957289,0.247409167,12.04375012
0.98,0.03,3.793745711,0.19701481,2.028375998
1.04,0.06,2.795196089,0.250077061,2.886301334
0.91,0.04,2.815301098,0.197385369,1.447343105
0.7,0.03,3.598599203,0.165088343,1.049880575
0.87,0.05,2.912212777,0.16541102,1.281747466
1.22,0.02,2.76816609,0.144992269,8.121105934
0.77,0.04,3.916955017,0.469454954,1.033587683
0.91,0.04,3.813942961,0.243164225,1.447343105
0.78,0.06,3.812649918,0.264885658,1.074381256
0.8,0.03,3.721644612,0.215135729,1.068333021
0.61,0.03,4.380760005,0.170224802,1.191686063
0.6,0.06,3.512846567,0.334508458,1.227554204
0.54,0.03,3.960503472,0.224295535,1.387644158
0.87,0.03,3.556324491,0.284106668,1.279583394
0.85,0.03,3.815964256,0.310023218,1.21558898
0.88,0.05,3.287197232,0.215755188,1.31976829
0.82,0.04,2.613494377,0.141989165,1.12483568
0.92,0.04,3.017751479,0.393623979,1.5024995
0.97,0.05,3.622285511,0.302564401,1.909058751
0.78,0.04,4,0.240831892,1.044677992
0.87,0.05,3.789473684,0.238513002,1.281747466
1.02,0.04,3.070175439,0.288832323,2.617438604
0.77,0.09,3.551287913,0.189203196,1.11615288
0.96,0.05,3.431036173,0.41504305,1.811282635
1.4,0.07,2.062283737,0.264667434,26.7465667
1.65,0.07,1.926462452,0.236913487,71.12582399
1.06,0.04,3.280276817,0.170695671,3.457601221
0.28,0.19,5.710830422,0.728070904,3.449466237
1.04,0.07,3.208012774,0.328209968,2.826126683
0.95,0.11,3.260475788,0.425132935,1.743142901
0.6,0.02,4.130828429,0.236648864,1.203008359
0.76,0.03,3.308511641,0.34236143,1.012284706
0.55,0.02,3.534907209,0.128493428,1.334271989
0.51,0.03,4.161712247,0.240276677,1.548300029
0.6,0.02,3.93843368,0.159579684,1.203008359
0.64,0.03,3.50617284,0.206700918,1.147526336
0.48,0.02,3.800554017,0.111435097,1.751748232
0.58,0.03,3.283991766,0.196309506,1.250433272
0.84,0.05,3.320287842,0.203847437,1.184165947
0.63,0.03,3.75308642,0.311281988,1.161993925
0.95,0.09,3.501992513,0.370554669,1.738203039
0.96,0.05,3.672876206,0.240864113,1.811282635
0.74,0.02,3.460983817,0.14232864,1
0.31,0.15,3.358161848,0.368194208,3.318894509
0.7,0.03,3.484375,0.152358273,1.049880575
1.06,0.12,2.623039481,0.283354974,2.850581353
1.28,0.17,2.870918256,1.564670005,8.003680025
0.6271,0.0676,4.1311,0.2751,1.175815109
0.8599,0.2956,3.4002,0.4654,1.793409739
0.8599,0.0688,3.5834,0.2269,1.260071268
1.1091,0.2214,4.2695,0.325,3.004874275
0.7489,0.0638,3.5744,0.2182,1.059552715
0.9479,0.2332,3.5558,0.3095,1.875624556
0.8571,0.1169,3.8843,0.2638,1.326093335
0.712,0.0677,4.3538,0.211,1.070874668
0.907,0.151,3.5477,0.2417,1.561559182
1.0859,0.0726,2.3067,0.1306,3.723941375
0.758,0.0837,3.6467,0.1563,1.096644791
0.8791,0.0832,3.5683,0.1627,1.345937968
0.758,0.0731,3.6356,0.2414,1.078397212
0.679,0.0771,3.6077,0.2416,1.107989147
1.1891,0.1373,3.9723,0.2722,5.487418001
0.862,0.0655,3.529,0.2332,1.263856732
0.497,0.0639,3.6916,0.2408,1.630325928
0.627,0.0576,4.2427,0.2361,1.170522971
0.8377,0.1462,3.4589,0.5468,1.33884897
0.7961,0.0818,3.6601,0.2313,1.1303104
0.8171,0.0599,3.1032,0.1895,1.134721996
1.048,0.1136,3.2325,0.2269,2.712769966
0.682,0.0679,4.0655,0.247,1.095217456
0.8119,0.0577,3.7533,0.2251,1.121282096
0.5709,0.0655,3.783,0.2065,1.309712748
0.972,0.089,3.367,0.2235,1.91535587
0.933,0.0951,3.4804,0.3493,1.626247838
0.656,0.0535,3.7931,0.2342,1.120718296
0.5771,0.0636,3.4614,0.2287,1.289629956
0.696,0.043,4.0815,0.2308,1.061385702
0.9329,0.0572,3.4846,0.2182,1.601203968
0.8301,0.0832,4.3443,0.4585,1.195827344
0.9231,0.0668,3.36,0.2866,1.545808497
0.8299,0.1003,4.5369,0.2899,1.225135682
0.7231,0.0477,4.043,0.2705,1.03999014
0.754,0.0679,2.2678,0.138,1.06791366
0.1969,0.0563,3.6239,0.2483,6.649315842
0.3191,0.0647,3.5343,0.2457,3.964839487
0.0399,0.0131,3.1488,0.3428,10.25269106
1.2006,0.0662,4.1622,0.1726,7.322911025
0.7731,0.155,3.7654,0.294,1.262369161
0.9611,0.1714,4.7974,0.7225,1.847558142
0.8161,0.1392,3.9589,0.71,1.279934239
0.6019,0.0984,2.397,0.1639,1.259166063
0.5459,0.0525,3.1598,0.1735,1.383606401
0.7232,0.0553,1.2977,0.0873,1.04940502
0.6011,0.0948,2.7777,0.1945,1.256658645
0.6489,0.0717,4.0168,0.2178,1.141474676
0.6691,0.0826,3.8167,0.1964,1.125186918
0.3849,0.076,4.6594,0.3059,2.692306069
0.4791,0.0537,3.3882,0.1739,1.743841917
0.1668,0.0465,3.4492,0.2392,7.247473448
0.3451,0.0874,3.6624,0.2643,3.249218183
0.5901,0.0729,4.071,0.2707,1.26202268
-0.15,0.0716,2.7688,0.3586,38.38086624
-0.3292,0.1101,0.9002,0.47,122.390478
-0.1146,0.0842,1.8129,0.3955,28.89362613
-0.1928,0.0159,1.4856,0.1101,35.92756968
0.1162,0.0491,1.1739,0.0788,8.773055386
0.1219,0.0658,1.5426,0.3844,8.526907462
0,0.429,1.6398,0.1061,5.549536573
0.1999,0.1007,3.5405,0.6223,6.163380661
0.5432,0.0863,4.6924,0.2692,1.424997643
0.3056,0.0568,2.8641,0.1793,4.371718722
0.5171,0.0815,2.302,0.1598,1.533988249
0.035,0.0104,4.0031,0.275,9.812883345
0.6249,0.0692,4.2426,0.1913,1.181093327
0.773,0.075,3.4181,0.202,1.092058595
0.766,0.0911,4.4072,0.2845,1.115118198
0.6769,0.101,3.396,0.239,1.143386518
0.8213,0.1264,3.8926,0.1677,1.260568334
1.1269,0.1205,4.3143,0.2821,4.086281513
0.884,0.0734,4.434,0.1584,1.354434467
0.6489,0.0698,2.1678,0.1468,1.139997383
0.8781,0.1043,3.8282,0.2399,1.372390662
0.5541,0.0734,3.8669,0.1878,1.372486395
0.8381,0.0802,3.897,0.2082,1.210675352
0.9621,0.0821,3.6154,0.4486,1.832636005
0.838,0.0939,3.8593,0.2497,1.232595752
0.9031,0.0778,3.4114,0.1829,1.445491262
0.726,0.0545,3.9484,0.2375,1.047159644
0.6229,0.0541,4.2613,0.2642,1.176714987
0.8599,0.0647,3.9572,0.2618,1.256050591
0.5949,0.1196,3.4916,0.2086,1.305504657
1.052,0.2284,4.0137,0.3154,2.460637399
1.2671,0.1699,2.9092,0.1967,7.441213313
0.9201,0.1321,4.1654,0.2648,1.591166354
0.8261,0.1019,3.9,0.2502,1.219915439
1.091,0.2357,2.9328,0.512,2.781123704
0.7031,0.1306,3.6301,0.2687,1.184227096
0.6968,0.1419,4.0494,0.2946,1.212053901
0.3447,0.1129,2.3088,0.4321,3.078574841
0.9721,0.1548,3.427,0.2389,1.902985811
0.5398,0.1557,3.3416,0.3315,1.521328216
0.912,0.1885,3.1784,0.5154,1.649647592
0.5179,0.1068,3.8785,0.2591,1.550700611
0.5509,0.0988,4.0135,0.2839,1.408680443
0.81,0.0748,3.7261,0.2251,1.141202475
1.324,0.1999,1.7307,0.1233,8.785527571
0.686,0.2174,3.9209,0.3792,1.418839732
0.5939,0.0634,2.9332,0.1905,1.244640094
0.6771,0.0945,2.9565,0.1865,1.133024003
0.2907,0.0897,2.0381,0.1636,4.258695184
0.4331,0.0476,4.2321,0.2667,2.138835349
0.3509,0.0581,4.1526,0.2701,3.356047861
0.6839,0.0445,1.9072,0.1179,1.078063122
0.7611,0.1197,3.8496,0.2738,1.169297687
0.832,0.1939,3.784,0.3087,1.446290526
0.5871,0.1068,3.0046,0.2241,1.306564965
0.7469,0.2179,2.9548,0.2211,1.421342112
0.7109,0.1327,2.6241,0.1921,1.186793762
0.604,0.1806,3.3123,0.2894,1.407358641
1.0179,0.1913,2.9004,0.232,2.221268776
1.007,0.1823,2.9337,0.2215,2.144023703
0.5991,0.1014,3.2922,0.2371,1.269553003
0.7478,0.0838,2.7252,0.1909,1.092415318
0.7201,0.1103,3.2549,0.241,1.138322616
0.5658,0.1316,2.5234,0.2379,1.401733704
0.864,0.1263,3.0169,0.1981,1.364580556
0.7689,0.0859,2.5756,0.1948,1.107787949
0.9122,0.1057,3.242,0.2181,1.520501184
0.8262,0.0991,2.6281,0.1854,1.214845668
0.5845,0.0871,2.7946,0.3302,1.29041862
0.7021,0.0806,2.9965,0.1907,1.093801911
0.668,0.0698,2.3062,0.1565,1.113182441
0.819,0.0742,3.1923,0.2228,1.157719072
0.613,0.0646,3.0236,0.1997,1.201935412
0.3531,0.0989,3.329,0.3327,3.043620839
0.5788,0.1365,2.8536,0.2121,1.373285327
0.4323,0.111,2.1966,0.1698,2.094389496
0.872,0.124,3.8682,0.2486,1.385298179
0.8621,0.1606,2.9989,0.2446,1.431364161
0.4209,0.1026,3.8118,0.2731,2.207342769
0.911,0.1205,3.1907,0.339,1.532987883
0.8581,0.0707,3.4009,0.2307,1.256217381
0.795,0.1542,3.3189,0.2568,1.284205453
0.4709,0.0907,4.1916,0.2863,1.806980047
0.2752,0.0798,2.8548,0.354,4.730727812
0.6251,0.0793,3.5219,0.2354,1.188998686
0.3799,0.098,3.0913,0.2064,2.674935008
0.7891,0.1744,4.0832,0.4954,1.329491383
0.6489,0.0876,2.7488,0.3824,1.157569731
0.99,0.1406,2.7632,0.1842,2.032078674
0.6501,0.1155,3.0371,0.217,1.197627447
0.5021,0.1711,4.3122,0.3383,1.684063589
0.746,0.0597,3.3873,0.2172,1.052433086
0.82,0.1565,3.9495,0.5014,1.328199552
0.6089,0.1405,3.6504,0.3139,1.311614522
0.3569,0.0928,3.6688,0.2829,3.023563228
0.6,0.1149,3.7711,0.2657,1.286373943
0.399,0.0638,3.6726,0.2445,2.531927355
0.4591,0.0675,3.081,0.1867,1.894399082
0.4371,0.0752,3.0428,0.1631,2.084214944
0.6472,0.0877,3.8863,0.2565,1.160207439
0.4998,0.0765,4.2633,0.2549,1.620880691
0.4008,0.1147,4.3157,0.361,2.381397389
0.5058,0.0445,4.3402,0.2746,1.572581799
0.747,0.1209,3.9113,0.2743,1.164352327
0.325,0.1095,4.054,0.4543,3.407491414
0.758,0.0329,2.4701,0.1496,1.015166381
0.9099,0.2495,2.5034,0.454,1.780718199
0.633,0.1092,3.9086,0.2671,1.212548194
0.44,0.032,2.349,0.2425,2.069305229
0.5571,0.0409,3.0948,0.3363,1.330329474
1.0709,0.3281,5.0167,0.579,2.612354625
0.734,0.1254,5.6677,0.3033,1.170368589
0.6242,0.0744,3.7902,0.2474,1.186422921
0.675,0.1448,4.1471,0.3255,1.231533888
0.58,0.1031,3.7659,0.2527,1.321062233
0.954,0.1675,3.7905,0.2143,1.804961635
-0.0504,0.0332,4.3975,0.448,20.38164359
0.7919,0.1827,3.5959,0.2786,1.355252716
0.4049,0.0805,3.8864,0.2694,2.419859972
0.5258,0.0328,3.5622,0.2392,1.459099328
0.3319,0.0691,4.4759,0.3209,3.648105149
0.1131,0.0978,2.7773,0.5119,8.643849442
0.161,0.0413,3.1066,0.2204,7.349212667
1.1699,0.1241,3.5327,0.9847,5.161686323
0.3111,0.0463,2.5422,0.1445,4.379902106
0.1451,0.0447,3.3496,0.2225,7.794448964
0.015,0.0059,3.8727,0.1611,10.61441262
0.1228,0.0264,3.6697,0.2348,8.40267585
0.7639,0.0951,3.6966,0.2614,1.121136561
1.182,0.2102,3.2282,0.2222,4.138068751
0.6352,0.0543,3.7868,0.231,1.154694915
0.9191,0.2239,6.3206,0.5029,1.749290519
0.4331,0.0826,3.8428,0.2613,2.116104704
0.4624,0.0512,4.0188,0.2554,1.869953448
0.728,0.0938,3.3941,0.2462,1.107061144
0.5869,0.0747,3.0402,0.3112,1.272047987
0.4958,0.1078,4.0593,0.2751,1.661408563
0.9879,0.1445,3.065,0.2153,2.013984915
0.3799,0.0932,3.4431,0.2535,2.69431733
1.0711,0.1581,2.9062,0.2037,2.81047264
0.7149,0.1079,3.9533,0.286,1.134485258
0.873,0.0858,3.6752,0.2364,1.326339239
0.9631,0.1817,3.9506,0.683,1.868462485
0.668,0.1052,3.4621,0.244,1.158949995
0.46,0.0799,3.6172,0.243,1.886147463
0.466,0.0876,4.1043,0.2911,1.84116395
0.5455,0.097,4.0739,0.2641,1.426629216
0.656,0.1009,3.5724,0.2486,1.166016254
0.4099,0.0938,3.9984,0.2704,2.334321603
0.4356,0.0646,3.4425,0.2241,2.105841547
0.3721,0.0875,3.7588,0.2585,2.826836165
0.8248,0.1372,3.6045,0.2397,1.291448503
1.0151,0.1294,3.5584,0.2431,2.269497687
0.4052,0.0805,3.7227,0.2463,2.416295357
0.7209,0.0456,3.4978,0.1619,1.038932519
0.136,0.0837,4.6544,0.6096,8.034254428
0.925,0.0697,3.2311,0.2107,1.559586659
0.3151,0.1123,4.1222,0.5674,3.547732599
0.197,0.0721,5.3484,0.3591,6.568270894
0.7469,0.1926,2.7453,0.1876,1.346916778
0.6899,0.0842,3.5803,0.2398,1.107187321
0.6009,0.1361,4.0119,0.3934,1.319835463
0.703,0.0966,3.4736,0.251,1.118144809
0.809,0.0907,3.8324,0.2422,1.166322635
0.742,0.0993,3.5103,0.2203,1.118786988
0.2229,0.0758,1.6545,0.1529,5.957573985
0.32,0.1203,3.9801,0.3639,3.398445419
0.28,0.0636,2.9056,0.1962,4.864989296
-0.0201,0.007,2.4246,0.1594,14.34194377
0.3981,0.0876,3.505,0.2516,2.483456794
0.4511,0.0475,2.5158,0.1755,1.966291901
0.4581,0.07,3.5656,0.2465,1.902193571
0.5901,0.1089,3.5715,0.6254,1.301654938
0.2771,0.0711,3.5304,0.2918,4.817353717
0.771,0.1447,3.1246,0.3672,1.234813021
0.826,0.0972,3.0933,0.2134,1.210894657
0.6109,0.0525,3.7317,0.2139,1.199357088
0.4479,0.0458,3.7679,0.241,1.995365729
0.5041,0.0438,3.2979,0.1764,1.582501317
0.5705,0.0649,2.719,0.1182,1.310397021
0.57,0.0356,4.0258,0.2593,1.282976674
0.455,0.0491,2.969,0.197,1.931943101
0.491,0.0894,3.8182,0.2482,1.678700234
0.3789,0.0673,4.1286,0.4452,2.813270834
0.7441,0.0334,2.8078,0.1655,1.013682505
0.906,0.0619,2.8244,0.1925,1.44611073
0.7621,0.1361,3.2781,0.2039,1.207196365
0.494,0.0864,3.3329,0.2252,1.659651286
0.9091,0.0565,3.1387,0.5251,1.457853943
1.1242,0.1604,3.3332,0.24,3.592130848
0.808,0.1135,2.9819,0.4458,1.209287114
0.851,0.191,3.3865,0.2682,1.477428547
0.6681,0.1118,4.3908,0.304,1.170180634
0.448,0.0743,3.6741,0.2397,1.985857502
0.9889,0.1761,3.8048,0.2915,2.018940145
0.6239,0.1807,4.5585,0.4081,1.3749223
0.3709,0.0724,3.6602,0.2382,2.917062507
0.254,0.0465,4.3756,0.2614,5.67122337
0.38,0.0422,4.1099,0.1423,2.873169706
0.4352,0.1072,3.8304,0.2749,2.073791523
0.875,0.1501,3.4813,0.259,1.445998886
0.7161,0.0964,2.92,0.1973,1.11318828
0.633,0.0551,3.0524,0.2003,1.158777204
0.9779,0.1445,3.3599,0.3335,1.940589298
0.8482,0.0809,3.3906,0.2285,1.239044384
1.1021,0.1384,2.9097,0.2075,3.396805692
0.7311,0.0418,3.1545,0.2068,1.028493949
1.0889,0.1138,3.4242,0.1782,3.371696345
0.936,0.0632,3.7189,0.1906,1.626870895
0.595,0.0628,4.2187,0.2839,1.24148047
0.7491,0.0474,2.7828,0.1839,1.033886608
0.6551,0.0674,4.2508,0.2804,1.128908324
0.822,0.1006,3.6115,0.2419,1.208975674
0.6729,0.0412,4.3223,0.2341,1.0935879
0.963,0.1897,4.2716,0.2838,1.876579934
0.4261,0.1111,4.611,0.337,2.147681495
0.6,0.0507,4.0719,0.1982,1.221338135
0.6721,0.0702,3.6813,0.2348,1.10850802
1.0139,0.1928,3.2331,0.401,2.191639274
1.2561,0.3044,3.4239,0.3161,4.456273273
0.7951,0.0483,2.781,0.188,1.078575145
0.7619,0.1142,4.0145,0.3059,1.158038695
0.8851,0.2067,2.63,0.2311,1.602954109
0.7591,0.1629,3.8435,0.2836,1.272029573
0.8981,0.1146,3.1571,0.2029,1.467278551
0.605,0.0595,3.5865,0.2419,1.215909323
0.975,0.0539,2.0799,0.1517,1.961003995
0.5321,0.0531,4.2462,0.2349,1.441890408
0.4631,0.0603,4.1123,0.2561,1.863046083
0.5918,0.0889,3.3576,0.2136,1.272925308
0.7721,0.0711,3.5087,0.2184,1.084690348
0.6798,0.0623,2.7941,0.1895,1.092836769
0.954,0.1393,3.4657,0.2031,1.782071877
0.4691,0.065,4.1258,0.2231,1.816769017
0.6611,0.1076,3.5904,0.2373,1.170515727
0.727,0.1241,3.5917,0.2489,1.166691382
1.733,0.3429,2.6361,0.2192,27.26576056
0.9261,0.1322,3.3789,0.2493,1.620838948
0.9161,0.1586,3.3725,0.4258,1.611714075
1.0039,0.0944,3.1094,0.1887,2.22684407
0.5291,0.038,3.552,0.2417,1.445087011
0.5448,0.0379,3.9991,0.1527,1.374086936
0.613,0.0406,3.4934,0.2363,1.190288951
0.5401,0.0356,3.6318,0.2152,1.392027434
0.7251,0.0594,3.6391,0.2064,1.054066068
0.577,0.0519,3.8507,0.2542,1.279468691
0.66,0.1342,4.2466,0.3258,1.221961938
0.4351,0.1286,3.6224,0.3445,2.054859585
0.5821,0.1122,3.7392,0.5824,1.327181203
0.924,0.1974,2.9646,0.2353,1.712299493
0.864,0.0929,2.2198,0.1331,1.305508823
0.607,0.0661,3.8958,0.2272,1.215935008
0.666,0.0997,3.8777,0.2511,1.152279772
0.528,0.0944,3.6531,0.2463,1.494809604
1.1201,0.2066,2.3316,0.1646,3.202236303
0.6811,0.0738,3.2095,0.2124,1.102160858
0.6401,0.0351,4.6793,0.2154,1.146053364
0.82,0.0405,3.3207,0.2268,1.12508994
0.7981,0.0361,3.363,0.2022,1.070203852
0.743,0.0442,3.4546,0.1904,1.02871372
0.8381,0.0256,3.4428,0.3351,1.179437388
1.1541,0.2044,3.7151,0.268,3.710619595
0.584,0.0623,2.9964,0.1993,1.269297503
0.7811,0.1005,3.7064,0.4457,1.146570047
0.715,0.1093,3.2894,0.2357,1.137152908
0.4479,0.1271,3.0055,0.2452,1.961773884
1.0099,0.0889,4.2654,0.2643,2.31011194
0.6611,0.0531,3.7628,0.2247,1.11293615
0.632,0.0781,3.1815,0.2185,1.175094572
0.7315,0.0784,3.9163,0.2745,1.081049494
0.625,0.0766,3.7782,0.2485,1.186749169
0.4599,0.0782,3.2158,0.2171,1.887066317
0.6541,0.0531,3.854,0.2475,1.123534304
0.906,0.0603,3.3572,0.2128,1.444796694
0.6861,0.0634,3.3454,0.1938,1.086790738
0.697,0.0472,2.7856,0.1559,1.062692572
0.6919,0.0711,3.1843,0.2103,1.089035013
0.8859,0.1565,4.0668,0.3472,1.494123043
0.573,0.066,4.1555,0.2022,1.303801914
0.5809,0.0694,4.0425,0.2601,1.283866702
0.7641,0.0721,3.5893,0.3045,1.080303615
0.6431,0.058,3.5518,0.2231,1.142598729
0.5929,0.0729,3.6188,0.2417,1.254825666
0.7141,0.0544,3.4635,0.2285,1.053487504
0.61,0.0549,3.3968,0.2298,1.202458122
0.372,0.0518,3.1702,0.212,2.98780723
0.413,0.0339,3.6635,0.2029,2.368608998
0.2321,0.0712,2.7315,0.2011,5.813154741
0.746,0.048,3.3258,0.2591,1.034400361
-0.0552,0.0166,2.0539,0.1384,20.85407137
0.7931,0.0821,3.0591,0.1967,1.126671964
0.216,0.055,3.8846,0.4797,6.295241254
0.3762,0.0622,3.4592,0.2354,2.875867995
0.4708,0.1119,4.4025,0.3493,1.810044724
0.9006,0.2039,7.408,0.5125,1.643162446
0.47,0.1981,3.7359,0.6587,1.853642122
0.4812,0.0616,3.3846,0.2307,1.730047237
0.4271,0.1242,3.9317,0.3593,2.122749701
0.5861,0.083,3.6777,0.2746,1.281938812
0.6581,0.0715,3.5439,0.2396,1.127795596
0.46,0.0745,3.8119,0.2511,1.886581391
0.4869,0.0454,3.8039,0.2526,1.691018888
0.5511,0.0553,3.5162,0.2339,1.366531757
0.3731,0.1032,2.6617,0.2374,2.740807654
0.712,0.0664,4.417,0.1062,1.069199817
0.264,0.0295,1.3316,0.0877,5.671128712
0.81,0.0394,3.2243,0.2209,1.099542029
0.411,0.1409,3.4234,0.3982,2.232975498
0.783,0.072,2.2482,0.1519,1.097014405
0.4441,0.0482,3.5673,0.2046,2.029999333
0.6151,0.0906,2.5694,0.1682,1.22075754
0.473,0.0787,3.8705,0.4383,1.790385724
0.553,0.0838,3.7003,0.3685,1.386126653
0.7531,0.0477,3.3182,0.224,1.035318083
0.9129,0.1589,3.9502,0.2775,1.598891639
0.736,0.0805,4.1856,0.2594,1.084523087
0.9089,0.0878,3.5955,0.2248,1.484543349
0.7091,0.0794,4.002,0.2566,1.088373353
0.5799,0.1011,4.0157,0.2645,1.318893677
0.6739,0.052,3.837,0.2337,1.09433238
0.8531,0.0796,4.6917,0.288,1.25162516
0.789,0.0859,3.6401,0.2362,1.128089805
0.836,0.0637,3.4023,0.2076,1.184006892
0.922,0.1036,4.3789,0.2811,1.569238527
0.737,0.0599,4.5923,0.3087,1.052279204
0.843,0.1396,3.9461,0.5301,1.336087811
0.7959,0.0748,4.0601,0.2553,1.118236799
0.8,0.0708,4.032,0.2327,1.118036317
0.7581,0.063,3.8151,0.1676,1.061761508
0.654,0.0456,2.862,0.1857,1.122769361
0.6399,0.045,3.467,0.2312,1.145328293
0.8,0.0592,3.3162,0.2003,1.101081062
0.6889,0.0408,3.9579,0.2414,1.069906804
0.7641,0.0527,3.9467,0.2319,1.04862503
0.4221,0.034,4.5403,0.2285,2.257523482
0.7211,0.0509,3.3197,0.2391,1.04499936
0.4439,0.0431,3.5628,0.2378,2.032764472
0.71,0.0357,3.7257,0.2304,1.039661184
0.77,0.0854,2.449,0.1675,1.107760663
0.693,0.0689,2.631,0.1679,1.085634701
0.7771,0.1352,2.9064,0.2064,1.217608067
0.7191,0.0806,3.4775,0.2296,1.086459136
0.702,0.0799,3.51,0.2329,1.092876708
0.3909,0.0413,3.9013,0.2556,2.688980425
0.6619,0.0551,3.3897,0.2249,1.112401495
0.7864,0.1341,3.419,0.6685,1.224934266
0.1779,0.0598,3.0785,0.2189,7.036660826
0.491,0.0468,4.1566,0.2359,1.663775074
0.5591,0.102,4.5448,0.2481,1.383798798
0.555,0.0311,2.8282,0.1267,1.327220157
0.7699,0.0615,3.7842,0.2419,1.067066398
0.7199,0.0713,3.4087,0.2171,1.072391404
0.4739,0.0797,3.7191,0.2782,1.784329588
0.5521,0.0498,3.9991,0.3651,1.357492932
0.9199,0.0752,3.365,0.2187,1.533250219
0.7881,0.0494,3.2781,0.2169,1.068989404
0.849,0.0525,3.678,0.1389,1.212261461
0.189,0.0759,3.2558,0.3231,6.719983044
0.6119,0.0966,4.7768,0.3318,1.234678863
0.3651,0.0798,4.6839,0.3266,2.971230509
0.3149,0.0744,3.3283,0.2484,3.942869219
0.35,0.0601,3.2689,0.2141,3.359954
0.1149,0.0278,1.4057,0.1575,8.837153613
2.267,0.204,0.362,0.2941,174.3330642
2.382,0.092,0.489,0.3279,155.262103
2.264,0.222,-0.123,0.1002,176.3935043
2.328,0.276,0.314,0.2565,193.9990936
1.038,0.074,2.1886,0.3066,2.76945489
1.247,0.197,1.5745,0.4177,5.916640999
1.58,0.23,1.9219,0.3602,29.22460595
1.373,0.275,1.7318,0.5691,7.791124392
1.101,0.205,1.3227,0.4827,2.974940889
1.509,0.237,1.2531,0.3541,19.11516459
1.821,0.281,2.2384,0.5082,63.1416073
1.35,0.196,1.9511,0.4992,10.3595951
0.809,0.142,2.7175,0.6936,1.274616635
1.153,0.192,1.8591,0.4308,3.803273066
0.902,0.116,2.3692,0.384,1.486136818
1.051,0.115,2.4969,0.3784,2.747895456
1.781,0.347,3.7096,0.7594,32.78002698
0.696,0.053,3.6073,0.4602,1.067930263
1.082,0.13,3.5283,0.5492,3.124780701
1.388,0.243,2.615,0.5515,9.778851532
0.992,0.102,4.3342,0.5506,2.088715481
1.217,0.144,2.4625,0.4369,6.272782298
1.182,0.087,3.0536,0.3335,6.28972334
1.594,0.3,3.3616,0.6368,19.18198978