0.99,0.05,0.07,0.19,2.138845663
1,0.04,-0.79,0.2,2.290683657
0.88,0.06,-0.47,0.31,1.326062056
0.95,0.05,-0.66,0.25,1.723713011
0.86,0.04,-0.55,0.2,1.244893649
0.84,0.07,-0.69,0.33,1.201818363
1.08,0.04,-1.13,0.22,3.953960847
1.03,0.07,-0.47,0.26,2.659617824
0.86,0.08,0.17,0.32,1.273769637
0.74,0.08,0.45,0.33,1.084111241
0.85,0.09,0.16,0.31,1.258025632
0.92,0.05,0.01,0.25,1.513016457
0.69,0.09,0.93,0.42,1.115472361
1.01,0.05,-0.89,0.25,2.419878769
0.92,0.05,-0.48,0.27,1.513016457
1.02,0.09,-0.21,0.3,2.433730979
0.72,0.03,0.54,0.11,1.024020302
0.96,0.05,-0.52,0.26,1.811282635
1.08,0.1,-1.44,0.5,3.326256133
1.15,0.03,-1.49,0.17,5.848222273
0.56,0.05,1.43,0.23,1.329880858
0.9,0.06,-0.42,0.29,1.414553137
0.8,0.05,-0.28,0.24,1.089281132
0.93,0.04,-0.38,0.23,1.565126047
0.66,0.05,0.57,0.23,1.113875115
0.79,0.03,0.01,0.13,1.047675857
0.87,0.05,-0.48,0.21,1.281747466
1.02,0.04,-0.79,0.22,2.617438604
0.95,0.05,-0.71,0.25,1.723713011
0.91,0.05,-0.48,0.23,1.457053381
0.87,0.04,-0.06,0.17,1.279100633
1,0.03,-0.85,0.14,2.305954634
0.82,0.03,-0.18,0.17,1.121124677
0.88,0.04,-0.45,0.17,1.315534327
1.03,0.04,-0.83,0.17,2.804543136
0.74,0.05,0.31,0.22,1.03739079
0.88,0.05,-0.43,0.28,1.31976829
0.88,0.05,-0.22,0.24,1.31976829
0.85,0.04,-0.31,0.13,1.212399209
0.91,0.03,-0.47,0.1,1.435298752
0.78,0.03,-0.22,0.11,1.031408496
0.9,0.11,-0.22,0.3,1.468953343
0.78,0.04,-0.24,0.2,1.044677992
0.72,0.02,0.18,0.13,1.016274398
0.82,0.05,-0.21,0.27,1.131417438
0.28,0.11,1.82,0.47,4.217998688
0.69,0.06,-0.02,0.28,1.079807496
0.61,0.02,0.58,0.11,1.187826395
0.51,0.1,1.33,0.39,1.582842063
1.06,0.03,-0.87,0.11,3.537216911
1,0.03,-0.68,0.12,2.305954634
0.91,0.06,-0.44,0.26,1.465548037
0.58,0.08,0.21,0.35,1.295996749
0.79,0.06,0.1,0.17,1.086866158
0.69,0.03,0.81,0.11,1.065797054
0.79,0.03,-0.77,0.18,1.047675857
0.59,0.03,0.59,0.16,1.227866803
1.18,0.04,-2.01,0.18,6.663543623
1.13,0.04,-1.21,0.13,5.262225479
1.16,0.07,-1.49,0.25,5.790047128
0.82,0.13,-0.25,0.28,1.26605987
0.79,0.1,-0.58,0.24,1.155845973
0.53,0.07,0.68,0.29,1.465072596
0.93,0.07,-0.25,0.26,1.591305899
0.61,0.06,0.49,0.23,1.205386148
0.82,0.05,-0.35,0.15,1.131417438
0.58,0.03,0.39,0.11,1.250433272
0.81,0.02,-0.1,0.09,1.086795781
0.57,0.11,0.49,0.42,1.358833649
0.52,0.04,0.78,0.24,1.492490306
0.69,0.05,0.9,0.19,1.07265428
-0.08,0.11,1.8,0.51,21.44230769
0.01,0.04,1.79,0.18,13.26701802
0.18,0.02,1.28,0.08,6.907767423
0.46,0.03,0.41,0.19,1.896090627
-0.17,0.09,2.84,0.47,40.84895285
-0.04,0.06,1.84,0.26,18.37467427
0.1,0.03,2.15,0.19,9.725104297
-0.02,0.09,2.23,0.58,15.82082965
0.47,0.06,1.47,0.33,1.809885553
0.94,0.05,-0.7,0.23,1.645428634
0.35,0.06,1.42,0.29,3.360659765
0.69,0.04,0.15,0.18,1.068093556
0.81,0.04,0.11,0.16,1.100006235
0.07,0.05,2.66,0.26,10.59415803
0.82,0.04,-0.26,0.2,1.12483568
0.89,0.03,-0.55,0.15,1.348338116
0.88,0.05,-0.46,0.23,1.31976829
0.73,0.03,0.04,0.14,1.015416716
0.94,0.07,-0.29,0.31,1.659032115
0.43,0.03,0.87,0.16,2.168223577
0.89,0.04,-0.75,0.17,1.35501089
0.68,0.04,0.32,0.17,1.082719434
0.76,0.06,-0.08,0.31,1.057882197
0.72,0.07,0.42,0.32,1.070506792
0.8,0.07,0.09,0.33,1.116796826
0.69,0.07,0.26,0.36,1.089490913
0.71,0.04,0.03,0.18,1.04299074
0.81,0.06,-0.18,0.29,1.120292496
0.76,0.03,-0.22,0.14,1.012284706
0.78,0.02,-0.08,0.1,1.020581967
0.8,0.08,-0.38,0.37,1.132984363
0.97,0.09,-0.51,0.35,1.897325881
0.92,0.04,-0.88,0.2,1.5024995
1.09,0.08,-1.37,0.36,3.733283481
0.21,0.02,1.85,0.1,6.430466843
0.79,0.04,-0.59,0.18,1.059577864
0.77,0.05,0.19,0.25,1.048865788
0.82,0.07,-0.36,0.35,1.153778606
0.92,0.03,-0.74,0.11,1.489983208
0.86,0.09,-0.42,0.46,1.288134354
0.99,0.04,-0.83,0.19,2.149922322
0.54,0.12,0.89,0.58,1.472361541
0.8,0.08,-0.02,0.4,1.132984363
0.87,0.07,-0.8,0.28,1.296422546
0.88,0.03,-0.41,0.15,1.312638018
0.7,0.03,0.13,0.12,1.049880575
0.75,0.05,-0.33,0.2,1.038072581
0.67,0.03,0.1,0.13,1.099807619
0.62,0.04,0.35,0.15,1.177956052
0.49,0.07,0.93,0.34,1.675480735
0.76,0.02,0.01,0.09,1.001421589
1.01,0.07,-0.93,0.32,2.363694903
0.91,0.03,-0.5,0.15,1.435298752
0.99,0.07,-1.1,0.32,2.114133734
0.63,0.11,0.23,0.55,1.218863433
0.84,0.09,-0.28,0.5,1.230993251
1,0.06,-1.06,0.35,2.253345585
0.78,0.09,-0.2,0.49,1.125356421
0.74,0.1,-0.05,0.56,1.119625139
1,0.09,-0.8,0.47,2.192626348
0.8,0.13,-0.32,0.74,1.233071208
0.89,0.08,-0.51,0.47,1.387030098
1.02,0.08,-1.21,0.43,2.468879048
0.88,0.11,-0.76,0.53,1.388526166
0.87,0.09,-0.47,0.44,1.32150869
0.83,0.11,-0.48,0.53,1.244069392
0.86,0.08,-0.27,0.42,1.273769637
0.66,0.11,0.22,0.54,1.175841003
0.5,0.08,0.68,0.32,1.621864898
0.53,0.06,0.3,0.32,1.45683132
0.75,0.05,-0.21,0.23,1.038072581
0.57,0.04,0.08,0.24,1.287700893
0.57,0.05,0.56,0.27,1.297993307
0.82,0.07,-0.11,0.27,1.153778606
0.71,0.04,-0.68,0.17,1.04299074
0.63,0.05,0.08,0.21,1.162615519
0.41,0.02,0.72,0.12,2.39401367
0.61,0.07,0.42,0.31,1.212190441
0.55,0.02,0.2,0.12,1.334271989
0.64,0.04,0.11,0.22,1.145404778
0.8,0.04,-0.71,0.21,1.078118524
0.62,0.07,0.16,0.23,1.191276596
0.76,0.05,-0.35,0.2,1.041860645
0.59,0.04,1,0.18,1.235877824
0.47,0.03,0.41,0.12,1.818824794
0.55,0.03,0.21,0.11,1.345100751
0.7,0.03,-0.31,0.16,1.049880575
0.64,0.03,0.11,0.11,1.147526336
0.87,0.07,-0.66,0.3,1.296422546
0.47,0.06,1.06,0.27,1.809885553
0.21,0.12,1.28,0.39,5.61143731
0.62,0.08,-0.43,0.37,1.199650002
0.7,0.06,-0.08,0.25,1.070318849
0.38,0.07,0.72,0.29,2.78609001
0.7,0.04,-0.07,0.18,1.054677431
0.75,0.07,-0.01,0.36,1.069903182
0.69,0.04,0.14,0.15,1.068093556
0.93,0.04,-0.1,0.17,1.565126047
0.6,0.06,0.48,0.26,1.227554204
0.67,0.04,0.27,0.16,1.098074026
0.58,0.06,0.52,0.25,1.27829513
0.58,0.05,0.49,0.16,1.269475219
0.57,0.05,0.89,0.21,1.297993307
0.54,0.06,0.69,0.24,1.414017761
0.81,0.05,-0.34,0.22,1.108934956
0.67,0.05,0.13,0.24,1.099145265
0.68,0.06,0.19,0.28,1.090904067
0.64,0.05,0.44,0.24,1.145592052
0.8,0.05,-0.6,0.23,1.089281132
0.81,0.14,-0.28,0.54,1.271507833
0.72,0.07,-0.09,0.3,1.070506792
1.06,0.07,-0.72,0.3,3.197411032
0.77,0.05,-0.12,0.22,1.048865788
0.77,0.09,0.03,0.53,1.11615288
0.47,0.05,0.83,0.2,1.810740687
0.56,0.06,0.54,0.28,1.339626988
0.33,0.13,0.97,0.36,3.175844783
0.36,0.06,1.23,0.25,3.16881185
0.06,0.05,2.06,0.26,11.00263798
0.21,0.04,1.87,0.2,6.452247427
0.52,0.06,0.77,0.21,1.503748742
0.38,0.06,0.69,0.21,2.822349793
0.13,0.02,1.73,0.13,7.942890107
0.22,0.05,1.83,0.25,6.253518268
0.15,0.04,1.69,0.2,7.61991035
0.24,0.04,1.52,0.18,5.988875152
0.26,0.13,0.97,0.43,4.361680951
0.56,0.02,0.59,0.11,1.297818372
0.83,0.08,-0.29,0.34,1.19058816
0.64,0.04,0.91,0.18,1.145404778
0.63,0.05,0.44,0.26,1.162615519
0.76,0.04,-0.05,0.21,1.026356668
0.78,0.05,-0.06,0.28,1.059131307
0.68,0.06,0.23,0.36,1.090904067
0.77,0.05,-0.16,0.32,1.048865788
0.73,0.04,0.12,0.18,1.02679927
0.65,0.03,0.14,0.19,1.132463681
0.91,0.07,-0.5,0.39,1.473864931
0.87,0.05,-1.02,0.23,1.281747466
0.78,0.07,0.15,0.4,1.090427046
0.79,0.07,0.19,0.4,1.102308355
0.77,0.05,-0.07,0.22,1.048865788
0.92,0.07,-0.39,0.34,1.529780611
0.78,0.05,-0.19,0.27,1.059131307
0.79,0.05,-0.06,0.23,1.072632591
0.62,0.04,0.52,0.22,1.177956052
0.8,0.04,-0.09,0.18,1.078118524
0.6,0.04,0.62,0.23,1.214568745
0.35,0.05,1.27,0.29,3.43064331
0.41,0.21,0.79,0.49,2.177958423
0.52,0.08,0.62,0.35,1.51893867
0.72,0.06,-0.73,0.29,1.056946755
0.04,0.02,1.91,0.12,10.91429293
0.62,0.08,0.33,0.47,1.199650002
0.56,0.05,0.62,0.23,1.329880858
0.45,0.06,1.14,0.39,1.972878898
0.69,0.07,-0.18,0.25,1.089490913
0.51,0.06,0.84,0.27,1.555033684
0.72,0.05,-0.44,0.21,1.044588747
0.49,0.05,0.68,0.17,1.67019836
0.56,0.05,0.52,0.25,1.329880858
0.51,0.05,0.84,0.21,1.550202436
0.46,0.05,0.84,0.17,1.889754717
0.49,0.06,0.62,0.36,1.671833942
0.56,0.08,0.58,0.23,1.358160991
0.55,0.04,0.74,0.22,1.355467787
0.48,0.07,0.78,0.24,1.740184965
0.58,0.04,0.26,0.24,1.260050981
0.53,0.05,0.01,0.2,1.449016622
0.59,0.04,0.06,0.17,1.235877824
0.5,0.06,1.1,0.23,1.610961011
0.39,0.06,0.63,0.23,2.668027536
0.39,0.04,1.16,0.19,2.705097405
0.56,0.05,0.41,0.34,1.329880858
0.67,0.06,-0.02,0.36,1.103438275
0.52,0.02,0.67,0.11,1.49002482
0.48,0.03,0.79,0.13,1.745950114
0.49,0.03,0.74,0.16,1.6767124
0.74,0.05,-0.31,0.14,1.03739079
0.82,0.04,0.02,0.21,1.12483568
0.65,0.03,0.42,0.18,1.132463681
0.7,0.06,0.41,0.24,1.070318849
1.25,0.13,-1.09,0.39,8.100104251
0.82,0.04,-0.65,0.22,1.12483568
0.91,0.02,0.28,0.09,1.420739693
0.92,0.02,-0.63,0.12,1.476618568
1.19,0.05,-1.2,0.18,6.996696023
1.24,0.09,-2.15,0.38,8.832338185
0.48,0.09,1.04,0.38,1.74646878
1.16,0.09,-1.71,0.5,5.477793797
0.38,0.04,1.13,0.21,2.878033978
1.22,0.04,-2.1,0.18,8.297422779
1.13,0.04,-1.21,0.14,5.262225479
0.96,0.04,-1.01,0.19,1.80741422
0.89,0.03,-0.39,0.1,1.348338116
0.86,0.02,-0.33,0.1,1.254438788
0.98,0.03,-0.67,0.11,2.028375998
0.82,0.05,-0.15,0.21,1.131417438
0.95,0.03,-0.69,0.11,1.710908607
0.81,0.02,-0.17,0.06,1.086795781
0.74,0.02,-0.05,0.11,1
0.96,0.02,-0.53,0.07,1.806486234
0.89,0.02,-0.32,0.08,1.34013546
1.01,0.08,-1,0.39,2.335667636
0.79,0.03,-0.19,0.14,1.047675857
1.16,0.06,-2.29,0.32,5.911867239
0.99,0.1,-0.52,0.42,2.072004555
1.28,0.07,-2.17,0.31,12.04375012
0.98,0.03,-0.82,0.18,2.028375998
1.04,0.06,-0.82,0.23,2.886301334
0.91,0.04,-0.23,0.14,1.447343105
0.7,0.03,0.38,0.16,1.049880575
0.87,0.05,-0.48,0.14,1.281747466
1.22,0.02,-1.46,0.11,8.121105934
0.77,0.04,0.31,0.19,1.033587683
0.91,0.04,-0.62,0.2,1.447343105
0.78,0.06,0.2,0.19,1.074381256
0.8,0.03,-0.19,0.13,1.068333021
0.61,0.03,0.48,0.14,1.191686063
0.6,0.06,0.84,0.24,1.227554204
0.54,0.03,0.4,0.15,1.387644158
0.87,0.03,-0.23,0.09,1.279583394
0.85,0.03,-0.4,0.14,1.21558898
0.88,0.05,-0.46,0.18,1.31976829
0.82,0.04,-0.33,0.23,1.12483568
0.92,0.04,-0.69,0.18,1.5024995
0.97,0.05,-0.75,0.21,1.909058751
0.78,0.04,-0.13,0.19,1.044677992
0.87,0.05,-0.32,0.22,1.281747466
1.02,0.04,-0.57,0.14,2.617438604
0.77,0.09,0.1,0.44,1.11615288
0.96,0.05,-0.89,0.23,1.811282635
1.4,0.07,-1.43,0.33,26.7465667
1.65,0.07,-2.81,0.26,71.12582399
1.06,0.04,-1.29,0.18,3.457601221
0.28,0.19,0.35,0.87,3.449466237
1.04,0.07,-0.98,0.31,2.826126683
0.95,0.11,-0.46,0.44,1.743142901
0.6,0.02,0.41,0.09,1.203008359
0.76,0.03,-0.01,0.17,1.012284706
0.55,0.02,0.66,0.1,1.334271989
0.51,0.03,0.71,0.18,1.548300029
0.6,0.02,0.27,0.12,1.203008359
0.64,0.03,0.39,0.16,1.147526336
0.48,0.02,0.8,0.1,1.751748232
0.58,0.03,0.48,0.17,1.250433272
0.84,0.05,-0.29,0.23,1.184165947
0.63,0.03,0.3,0.16,1.161993925
0.95,0.09,-0.97,0.38,1.738203039
0.96,0.05,-0.37,0.26,1.811282635
0.74,0.02,0.1,0.13,1
0.31,0.15,1.76,0.69,3.318894509
0.7,0.03,0.15,0.16,1.049880575
1.06,0.12,-1.17,0.42,2.850581353
1.28,0.17,-1.54,0.47,8.003680025
0.6271,0.0676,0.3889,0.6847,1.175815109
0.8599,0.2956,0.3431,1.3893,1.793409739
0.8599,0.0688,-0.707,0.4824,1.260071268
1.1091,0.2214,-0.9111,0.5167,3.004874275
0.7489,0.0638,0.301,0.7056,1.059552715
0.9479,0.2332,0.073,3.2014,1.875624556
0.8571,0.1169,-0.125,2.2351,1.326093335
0.712,0.0677,0.6179,0.6336,1.070874668
0.907,0.151,-0.6511,0.7234,1.561559182
1.0859,0.0726,-1.4049,0.1318,3.723941375
0.758,0.0837,0.2049,0.4823,1.096644791
0.8791,0.0832,-0.1349,0.6432,1.345937968
0.758,0.0731,-0.196,0.8445,1.078397212
0.679,0.0771,0.5549,1.1715,1.107989147
1.1891,0.1373,-1.718,0.3182,5.487418001
0.862,0.0655,0.3361,0.9744,1.263856732
0.497,0.0639,1.3591,0.9729,1.630325928
0.627,0.0576,0.5769,0.8749,1.170522971
0.8377,0.1462,-0.7041,1.4481,1.33884897
0.7961,0.0818,0.3289,0.4237,1.1303104
0.8171,0.0599,0.0009,0.232,1.134721996
1.048,0.1136,-0.945,0.3966,2.712769966
0.682,0.0679,-0.1679,1.1293,1.095217456
0.8119,0.0577,-0.335,0.5837,1.121282096
0.5709,0.0655,0.878,0.6508,1.309712748
0.972,0.089,-0.9751,0.4771,1.91535587
0.933,0.0951,-0.3701,2.1325,1.626247838
0.656,0.0535,0.311,0.6075,1.120718296
0.5771,0.0636,1.069,1.0427,1.289629956
0.696,0.043,0.016,1.5927,1.061385702
0.9329,0.0572,-0.212,0.8366,1.601203968
0.8301,0.0832,-0.4621,1.6801,1.195827344
0.9231,0.0668,-0.7651,0.4791,1.545808497
0.8299,0.1003,-0.2681,1.7479,1.225135682
0.7231,0.0477,0.2439,0.9254,1.03999014
0.754,0.0679,0.002,0.2893,1.06791366
0.1969,0.0563,1.6649,0.9355,6.649315842
0.3191,0.0647,1.5139,1.6449,3.964839487
0.0399,0.0131,5.3609,1.7197,10.25269106
1.2006,0.0662,1.4559,0.1882,7.322911025
0.7731,0.155,0.5351,2.0827,1.262369161
0.9611,0.1714,-1.3029,0.7359,1.847558142
0.8161,0.1392,-0.002,0.2787,1.279934239
0.6019,0.0984,1.0899,0.6532,1.259166063
0.5459,0.0525,1.4429,0.5553,1.383606401
0.7232,0.0553,0.568,1.2823,1.04940502
0.6011,0.0948,0.2989,0.8654,1.256658645
0.6489,0.0717,0.4789,0.5112,1.141474676
0.6691,0.0826,0.8531,0.685,1.125186918
0.3849,0.076,1.97,1.635,2.692306069
0.4791,0.0537,1.259,0.6909,1.743841917
0.1668,0.0465,1.09,1.6414,7.247473448
0.3451,0.0874,1.01,1.0843,3.249218183
0.5901,0.0729,0.4989,1.1808,1.26202268
-0.15,0.0716,2.798,1.7811,38.38086624
-0.3292,0.1101,3.3897,1.635,122.390478
-0.1146,0.0842,2.9011,2.4427,28.89362613
-0.1928,0.0159,2.7768,1.1264,35.92756968
0.1162,0.0491,0.3691,6.1145,8.773055386
0.1219,0.0658,2.602,3.2007,8.526907462
0,0.429,2.3329,0.6221,5.549536573
0.1999,0.1007,2.8242,3.0146,6.163380661
0.5432,0.0863,1.5048,1.0803,1.424997643
0.3056,0.0568,2.0211,1.2417,4.371718722
0.5171,0.0815,0.995,1.3154,1.533988249
0.035,0.0104,3.1138,1.2517,9.812883345
0.6249,0.0692,0.484,0.5274,1.181093327
0.773,0.075,0.435,0.929,1.092058595
0.766,0.0911,0.1301,1.0209,1.115118198
0.6769,0.101,0.9929,0.7956,1.143386518
0.8213,0.1264,0.2477,2.1586,1.260568334
1.1269,0.1205,-1.4948,0.4855,4.086281513
0.884,0.0734,-0.3751,0.5142,1.354434467
0.6489,0.0698,0.2979,1.9112,1.139997383
0.8781,0.1043,-0.6411,0.6376,1.372390662
0.5541,0.0734,0.806,0.7307,1.372486395
0.8381,0.0802,0,0.1999,1.210675352
0.9621,0.0821,-0.8731,0.8145,1.832636005
0.838,0.0939,-0.498,0.7766,1.232595752
0.9031,0.0778,-0.6811,0.3754,1.445491262
0.726,0.0545,0.2309,0.5845,1.047159644
0.6229,0.0541,0.1041,0.7496,1.176714987
0.8599,0.0647,-0.3321,1.1053,1.256050591
0.5949,0.1196,1.0126,1.0471,1.305504657
1.052,0.2284,-0.8811,0.7184,2.460637399
1.2671,0.1699,-2.238,0.1609,7.441213313
0.9201,0.1321,-0.6079,0.8684,1.591166354
0.8261,0.1019,-0.3081,0.6327,1.219915439
1.091,0.2357,-1.1631,0.9753,2.781123704
0.7031,0.1306,0.3981,1.0419,1.184227096
0.6968,0.1419,1.1569,1.4705,1.212053901
0.3447,0.1129,1.7157,2.2133,3.078574841
0.9721,0.1548,-0.7929,0.6374,1.902985811
0.5398,0.1557,1.0762,2.1528,1.521328216
0.912,0.1885,-0.3681,3.0811,1.649647592
0.5179,0.1068,1.289,1.374,1.550700611
0.5509,0.0988,0.659,1.1936,1.408680443
0.81,0.0748,-0.0861,2.7979,1.141202475
1.324,0.1999,-1.3629,0.5225,8.785527571
0.686,0.2174,1.4399,1.9158,1.418839732
0.5939,0.0634,1.0499,0.9268,1.244640094
0.6771,0.0945,0.6511,1.2722,1.133024003
0.2907,0.0897,0.8137,1.9822,4.258695184
0.4331,0.0476,1.1989,0.845,2.138835349
0.3509,0.0581,1.6502,1.474,3.356047861
0.6839,0.0445,0.5799,0.7088,1.078063122
0.7611,0.1197,-0.0109,0.3519,1.169297687
0.832,0.1939,0.425,2.1289,1.446290526
0.5871,0.1068,0.5499,1.3862,1.306564965
0.7469,0.2179,1.4239,1.6538,1.421342112
0.7109,0.1327,0.4368,1.3638,1.186793762
0.604,0.1806,1.8549,2.4241,1.407358641
1.0179,0.1913,-1.6871,0.492,2.221268776
1.007,0.1823,-0.6812,0.7819,2.144023703
0.5991,0.1014,0.3549,1.3881,1.269553003
0.7478,0.0838,0,0.2601,1.092415318
0.7201,0.1103,0.2331,0.9075,1.138322616
0.5658,0.1316,0.5607,2.7746,1.401733704
0.864,0.1263,3.158,1.095,1.364580556
0.7689,0.0859,-0.3311,0.844,1.107787949
0.9122,0.1057,0.3248,2.621,1.520501184
0.8262,0.0991,-0.2181,1.6426,1.214845668
0.5845,0.0871,0.9449,2.4485,1.29041862
0.7021,0.0806,-0.202,0.653,1.093801911
0.668,0.0698,0.5811,0.7549,1.113182441
0.819,0.0742,-0.38,0.6402,1.157719072
0.613,0.0646,0.4821,1.6626,1.201935412
0.3531,0.0989,1.0768,1.9721,3.043620839
0.5788,0.1365,1.4362,1.959,1.373285327
0.4323,0.111,0.1528,2.5169,2.094389496
0.872,0.124,-0.123,0.6659,1.385298179
0.8621,0.1606,-0.5021,0.5381,1.431364161
0.4209,0.1026,2.8579,2.2739,2.207342769
0.911,0.1205,-0.857,0.645,1.532987883
0.8581,0.0707,0.2159,1.019,1.256217381
0.795,0.1542,-0.1539,1.0282,1.284205453
0.4709,0.0907,0.9779,1.5964,1.806980047
0.2752,0.0798,0.9926,2.5986,4.730727812
0.6251,0.0793,0.5122,1.4841,1.188998686
0.3799,0.098,2.0621,1.0637,2.674935008
0.7891,0.1744,-0.5238,2.2493,1.329491383
0.6489,0.0876,0.2539,4.7607,1.157569731
0.99,0.1406,-1.4761,0.2336,2.032078674
0.6501,0.1155,0.73,1.3175,1.197627447
0.5021,0.1711,1.5549,1.3426,1.684063589
0.746,0.0597,0.2329,0.7762,1.052433086
0.82,0.1565,-0.0081,0.3234,1.328199552
0.6089,0.1405,0.1031,5.8277,1.311614522
0.3569,0.0928,1.037,1.8857,3.023563228
0.6,0.1149,1.8101,2.1184,1.286373943
0.399,0.0638,1.3659,0.7706,2.531927355
0.4591,0.0675,1.4729,0.6805,1.894399082
0.4371,0.0752,0.6453,0.8484,2.084214944
0.6472,0.0877,0.9148,1.3412,1.160207439
0.4998,0.0765,1.382,0.9958,1.620880691
0.4008,0.1147,1.7461,2.0159,2.381397389
0.5058,0.0445,1.1075,1.0549,1.572581799
0.747,0.1209,0.0561,3.537,1.164352327
0.325,0.1095,1.5481,1.8041,3.407491414
0.758,0.0329,0.2869,0.6976,1.015166381
0.9099,0.2495,-1.1669,0.6035,1.780718199
0.633,0.1092,0.8001,1.3542,1.212548194
0.44,0.032,0.5088,2.2551,2.069305229
0.5571,0.0409,0.4409,2.5939,1.330329474
1.0709,0.3281,0,1.1602,2.612354625
0.734,0.1254,1.0099,0.9403,1.170368589
0.6242,0.0744,0.5541,1.0976,1.186422921
0.675,0.1448,0.7621,1.5631,1.231533888
0.58,0.1031,0.8459,1.0128,1.321062233
0.954,0.1675,0.0333,0.2223,1.804961635
-0.0504,0.0332,2.942,1.6357,20.38164359
0.7919,0.1827,1.5871,1.4488,1.355252716
0.4049,0.0805,1.162,1.8776,2.419859972
0.5258,0.0328,0.3111,1.562,1.459099328
0.3319,0.0691,1.409,1.8673,3.648105149
0.1131,0.0978,3.4362,2.8856,8.643849442
0.161,0.0413,2.1701,1.1661,7.349212667
1.1699,0.1241,-1.1859,1.4467,5.161686323
0.3111,0.0463,1.6529,0.7948,4.379902106
0.1451,0.0447,1.8322,1.039,7.794448964
0.015,0.0059,2.5051,0.3203,10.61441262
0.1228,0.0264,1.3087,1.0011,8.40267585
0.7639,0.0951,-0.001,0.328,1.121136561
1.182,0.2102,-1.8099,0.3452,4.138068751
0.6352,0.0543,0.464,1.3149,1.154694915
0.9191,0.2239,0.8969,2.6002,1.749290519
0.4331,0.0826,1.573,1.0978,2.116104704
0.4624,0.0512,1.1653,0.8664,1.869953448
0.728,0.0938,0.0051,0.2555,1.107061144
0.5869,0.0747,0.635,1.49,1.272047987
0.4958,0.1078,1.7121,1.9892,1.661408563
0.9879,0.1445,-0.6061,0.8508,2.013984915
0.3799,0.0932,1.62,1.3989,2.69431733
1.0711,0.1581,-1.352,0.4558,2.81047264
0.7149,0.1079,0.3171,1.3354,1.134485258
0.873,0.0858,-0.4128,0.6122,1.326339239
0.9631,0.1817,-0.8821,2.4786,1.868462485
0.668,0.1052,0.5101,1.2716,1.158949995
0.46,0.0799,1.1239,0.9877,1.886147463
0.466,0.0876,0.8499,1.2644,1.84116395
0.5455,0.097,1.2578,1.2773,1.426629216
0.656,0.1009,0.725,1.5399,1.166016254
0.4099,0.0938,1.718,1.2677,2.334321603
0.4356,0.0646,1.5675,0.8784,2.105841547
0.3721,0.0875,1.2491,1.1003,2.826836165
0.8248,0.1372,0.0706,1.0912,1.291448503
1.0151,0.1294,-1.217,0.4069,2.269497687
0.4052,0.0805,1.4841,1.1974,2.416295357
0.7209,0.0456,0.303,0.331,1.038932519
0.136,0.0837,2.5459,1.9506,8.034254428
0.925,0.0697,0.1219,0.7561,1.559586659
0.3151,0.1123,2.3379,2.5348,3.547732599
0.197,0.0721,1.8889,0.9274,6.568270894
0.7469,0.1926,-0.8065,0.6479,1.346916778
0.6899,0.0842,0.0349,4.5701,1.107187321
0.6009,0.1361,0.6501,1.865,1.319835463
0.703,0.0966,-0.0081,0.3533,1.118144809
0.809,0.0907,0.267,0.6966,1.166322635
0.742,0.0993,0.2709,0.7346,1.118786988
0.2229,0.0758,2.4651,1.5247,5.957573985
0.32,0.1203,1.4099,1.3311,3.398445419
0.28,0.0636,1.6688,1.6259,4.864989296
-0.0201,0.007,2.4421,0.4245,14.34194377
0.3981,0.0876,1.767,1.7396,2.483456794
0.4511,0.0475,0.4689,1.7695,1.966291901
0.4581,0.07,1.196,1.3657,1.902193571
0.5901,0.1089,-0.0048,0.3224,1.301654938
0.2771,0.0711,1.6769,1.6633,4.817353717
0.771,0.1447,0.5709,3.064,1.234813021
0.826,0.0972,-0.6401,0.5091,1.210894657
0.6109,0.0525,0.8729,1.0404,1.199357088
0.4479,0.0458,0.9291,0.9071,1.995365729
0.5041,0.0438,1.0449,0.61,1.582501317
0.5705,0.0649,-0.0802,1.6746,1.310397021
0.57,0.0356,0.57,0.9186,1.282976674
0.455,0.0491,1.322,0.7907,1.931943101
0.491,0.0894,1.074,1.1556,1.678700234
0.3789,0.0673,1.466,2.3835,2.813270834
0.7441,0.0334,0.1001,0.6315,1.013682505
0.906,0.0619,-0.5011,0.6769,1.44611073
0.7621,0.1361,0.434,0.6779,1.207196365
0.494,0.0864,0.857,1.6547,1.659651286
0.9091,0.0565,-0.6149,1.7077,1.457853943
1.1242,0.1604,0,0.3698,3.592130848
0.808,0.1135,0.3129,5.4225,1.209287114
0.851,0.191,-0.534,1.0703,1.477428547
0.6681,0.1118,-0.2929,2.0595,1.170180634
0.448,0.0743,1.4469,0.9099,1.985857502
0.9889,0.1761,-1.157,0.4194,2.018940145
0.6239,0.1807,1.3799,2.2031,1.3749223
0.3709,0.0724,1.9789,1.1922,2.917062507
0.254,0.0465,2.0739,0.6736,5.67122337
0.38,0.0422,0.942,0.6305,2.873169706
0.4352,0.1072,1.5849,1.773,2.073791523
0.875,0.1501,-0.608,0.7909,1.445998886
0.7161,0.0964,-0.749,1.0209,1.11318828
0.633,0.0551,0.565,1.2432,1.158777204
0.9779,0.1445,-1.045,0.6148,1.940589298
0.8482,0.0809,0.101,1.9928,1.239044384
1.1021,0.1384,-1.265,0.4322,3.396805692
0.7311,0.0418,0.252,1.0415,1.028493949
1.0889,0.1138,-0.9271,0.1958,3.371696345
0.936,0.0632,-0.7371,0.1863,1.626870895
0.595,0.0628,0.7781,0.7473,1.24148047
0.7491,0.0474,0.3299,1.2665,1.033886608
0.6551,0.0674,0.7219,0.9292,1.128908324
0.822,0.1006,-0.2449,0.7917,1.208975674
0.6729,0.0412,0.6509,0.5813,1.0935879
0.963,0.1897,-0.6461,0.7032,1.876579934
0.4261,0.1111,1.4752,1.6558,2.147681495
0.6,0.0507,0.5939,0.8966,1.221338135
0.6721,0.0702,0.6679,1.0881,1.10850802
1.0139,0.1928,-0.722,0.8149,2.191639274
1.2561,0.3044,-1.1251,0.5443,4.456273273
0.7951,0.0483,0.0101,0.2989,1.078575145
0.7619,0.1142,-0.5261,0.534,1.158038695
0.8851,0.2067,0.3141,1.7486,1.602954109
0.7591,0.1629,0.0033,0.6378,1.272029573
0.8981,0.1146,-0.8169,0.5557,1.467278551
0.605,0.0595,0.4949,0.9656,1.215909323
0.975,0.0539,0.2079,0.8501,1.961003995
0.5321,0.0531,0.8189,0.9335,1.441890408
0.4631,0.0603,1.0399,0.9089,1.863046083
0.5918,0.0889,0.3721,1.0928,1.272925308
0.7721,0.0711,0.48,1.0211,1.084690348
0.6798,0.0623,0.0809,1.2509,1.092836769
0.954,0.1393,-0.5249,0.7172,1.782071877
0.4691,0.065,1.5499,0.8536,1.816769017
0.6611,0.1076,0.434,0.8448,1.170515727
0.727,0.1241,0.485,1.1652,1.166691382
1.733,0.3429,-2.2719,0.06,27.26576056
0.9261,0.1322,-0.1,1.5448,1.620838948
0.9161,0.1586,-0.6809,0.786,1.611714075
1.0039,0.0944,-1.0231,0.4927,2.22684407
0.5291,0.038,0.6239,0.5325,1.445087011
0.5448,0.0379,0.7055,0.7179,1.374086936
0.613,0.0406,0.36,1.0432,1.190288951
0.5401,0.0356,0.5961,0.8616,1.392027434
0.7251,0.0594,0.1091,1.2332,1.054066068
0.577,0.0519,0.326,0.8484,1.279468691
0.66,0.1342,0.638,1.8674,1.221961938
0.4351,0.1286,1.7079,2.6381,2.054859585
0.5821,0.1122,0.245,5.2379,1.327181203
0.924,0.1974,-0.4019,0.7392,1.712299493
0.864,0.0929,-0.264,1.0849,1.305508823
0.607,0.0661,1.141,0.8186,1.215935008
0.666,0.0997,0.3569,0.8923,1.152279772
0.528,0.0944,1.0489,0.9716,1.494809604
1.1201,0.2066,-1.8809,0.3353,3.202236303
0.6811,0.0738,0.5689,1.2521,1.102160858
0.6401,0.0351,0.5589,0.5976,1.146053364
0.82,0.0405,-0.4771,0.563,1.12508994
0.7981,0.0361,0.261,0.6122,1.070203852
0.743,0.0442,0.515,0.763,1.02871372
0.8381,0.0256,0,0.0801,1.179437388
1.1541,0.2044,-1.2371,0.3745,3.710619595
0.584,0.0623,1.2529,1.0782,1.269297503
0.7811,0.1005,-0.5671,1.7004,1.146570047
0.715,0.1093,0.703,0.9922,1.137152908
0.4479,0.1271,1.1171,1.2638,1.961773884
1.0099,0.0889,-0.808,0.5903,2.31011194
0.6611,0.0531,0.3209,0.8246,1.11293615
0.632,0.0781,0.5829,0.9464,1.175094572
0.7315,0.0784,0.1995,1.3504,1.081049494
0.625,0.0766,0.4439,0.775,1.186749169
0.4599,0.0782,1.6779,1.0591,1.887066317
0.6541,0.0531,0.2872,0.8774,1.123534304
0.906,0.0603,-0.3549,0.8254,1.444796694
0.6861,0.0634,0.4971,1.0218,1.086790738
0.697,0.0472,0.3359,0.6077,1.062692572
0.6919,0.0711,-0.0009,0.29,1.089035013
0.8859,0.1565,-1.0221,0.6049,1.494123043
0.573,0.066,0.3171,0.4541,1.303801914
0.5809,0.0694,0.6121,1.0666,1.283866702
0.7641,0.0721,-0.3159,1.2552,1.080303615
0.6431,0.058,0.4692,0.9078,1.142598729
0.5929,0.0729,0.9759,1.4256,1.254825666
0.7141,0.0544,-0.0019,0.3237,1.053487504
0.61,0.0549,0.6371,0.7449,1.202458122
0.372,0.0518,1.2961,1.0323,2.98780723
0.413,0.0339,1.443,0.6407,2.368608998
0.2321,0.0712,2.4189,1.0467,5.813154741
0.746,0.048,0.001,0.318,1.034400361
-0.0552,0.0166,1.9021,0.7982,20.85407137
0.7931,0.0821,-0.4071,0.6427,1.126671964
0.216,0.055,1.087,2.252,6.295241254
0.3762,0.0622,1.3699,1.6554,2.875867995
0.4708,0.1119,0.8101,1.2439,1.810044724
0.9006,0.2039,2.5091,1.9755,1.643162446
0.47,0.1981,1.3971,1.7516,1.853642122
0.4812,0.0616,0.5969,1.2499,1.730047237
0.4271,0.1242,1.3299,1.3732,2.122749701
0.5861,0.083,0.629,0.8707,1.281938812
0.6581,0.0715,0.3959,1.0237,1.127795596
0.46,0.0745,1.91,0.8412,1.886581391
0.4869,0.0454,0.5461,0.9306,1.691018888
0.5511,0.0553,0.5149,0.8459,1.366531757
0.3731,0.1032,0.8959,1.269,2.740807654
0.712,0.0664,0.2928,0.4779,1.069199817
0.264,0.0295,1.1691,0.6312,5.671128712
0.81,0.0394,-0.4509,0.773,1.099542029
0.411,0.1409,1.2531,1.364,2.232975498
0.783,0.072,0.1181,1.1091,1.097014405
0.4441,0.0482,1.4271,0.5952,2.029999333
0.6151,0.0906,1.6529,1.1787,1.22075754
0.473,0.0787,1.1309,1.8884,1.790385724
0.553,0.0838,0.775,2.4154,1.386126653
0.7531,0.0477,0.0151,1.5621,1.035318083
0.9129,0.1589,-0.4749,1.4353,1.598891639
0.736,0.0805,0.2971,1.5329,1.084523087
0.9089,0.0878,-0.5549,0.5795,1.484543349
0.7091,0.0794,0.33,0.6246,1.088373353
0.5799,0.1011,1.0909,1.1138,1.318893677
0.6739,0.052,0.4301,0.8271,1.09433238
0.8531,0.0796,-0.1749,0.8132,1.25162516
0.789,0.0859,0.0441,1.8273,1.128089805
0.836,0.0637,0.1911,1.0662,1.184006892
0.922,0.1036,-0.786,0.7121,1.569238527
0.737,0.0599,0.021,6.5845,1.052279204
0.843,0.1396,-0.6031,1.9331,1.336087811
0.7959,0.0748,-0.2231,0.6436,1.118236799
0.8,0.0708,0,0.17,1.118036317
0.7581,0.063,-0.1851,0.6489,1.061761508
0.654,0.0456,0.0041,1.0342,1.122769361
0.6399,0.045,0.7739,0.8026,1.145328293
0.8,0.0592,0.279,0.7372,1.101081062
0.6889,0.0408,0.3479,0.5424,1.069906804
0.7641,0.0527,0.0029,1.9264,1.04862503
0.4221,0.034,0.8831,0.5945,2.257523482
0.7211,0.0509,0.077,2.8592,1.04499936
0.4439,0.0431,0.8969,0.6549,2.032764472
0.71,0.0357,0.2751,0.2611,1.039661184
0.77,0.0854,-0.4239,0.769,1.107760663
0.693,0.0689,0.524,1.4137,1.085634701
0.7771,0.1352,0.5538,1.8012,1.217608067
0.7191,0.0806,0.252,1.7873,1.086459136
0.702,0.0799,0.8981,1.0741,1.092876708
0.3909,0.0413,1.2061,0.8978,2.688980425
0.6619,0.0551,0.5261,1.1631,1.112401495
0.7864,0.1341,0.0976,0.3183,1.224934266
0.1779,0.0598,1.969,1.1424,7.036660826
0.491,0.0468,1.275,0.5545,1.663775074
0.5591,0.102,0.527,1.0957,1.383798798
0.555,0.0311,0.525,0.51,1.327220157
0.7699,0.0615,-0.2619,0.8363,1.067066398
0.7199,0.0713,0.1,0.6914,1.072391404
0.4739,0.0797,1.1021,1.1699,1.784329588
0.5521,0.0498,0.5191,1.4094,1.357492932
0.9199,0.0752,0.742,0.7652,1.533250219
0.7881,0.0494,-0.1564,1.0656,1.068989404
0.849,0.0525,-0.4931,0.4794,1.212261461
0.189,0.0759,1.9487,1.8217,6.719983044
0.6119,0.0966,0.2559,1.1053,1.234678863
0.3651,0.0798,1.6699,1.2581,2.971230509
0.3149,0.0744,1.8939,1.6108,3.942869219
0.35,0.0601,1.19,1.103,3.359954
0.1149,0.0278,2.3691,1.0069,8.837153613
2.267,0.204,-4.938,0.634,174.3330642
2.382,0.092,-5.17,0.289,155.262103
2.264,0.222,-4.495,0.687,176.3935043
2.328,0.276,-5.382,0.808,193.9990936
1.038,0.074,-0.856,0.246,2.76945489
1.247,0.197,-1.547,0.509,5.916640999
1.58,0.23,-2.689,0.487,29.22460595
1.373,0.275,-2.443,0.662,7.791124392
1.101,0.205,-1.139,0.493,2.974940889
1.509,0.237,-3.083,0.612,19.11516459
1.821,0.281,-3.926,0.755,63.1416073
1.35,0.196,-2.669,0.551,10.3595951
0.809,0.142,0.468,0.282,1.274616635
1.153,0.192,-1.707,0.567,3.803273066
0.902,0.116,-0.724,0.282,1.486136818
1.051,0.115,-0.96,0.276,2.747895456
1.781,0.347,-3.914,0.851,32.78002698
0.696,0.053,-0.152,0.07,1.067930263
1.082,0.13,-1.076,0.343,3.124780701
1.388,0.243,-2.318,0.507,9.778851532
0.992,0.102,-1.262,0.327,2.088715481
1.217,0.144,-1.243,0.342,6.272782298
1.182,0.087,-1.559,0.187,6.28972334
1.594,0.3,-2.791,0.703,19.18198978